Workbook

Sheet Read me
A1: Deferred revenue roll forward template
A3: What it is
A4: A month by month roll forward of deferred revenue, a schedule of the balance by account at one month,
A5: and the month end journal, tied to each other and to the general ledger balance.
A7: How to fill it
A8: 1. Roll forward: one row per month, oldest first. Type the month as text, yyyy-mm, for example 2025-10.
A9: Type the opening balance in the first row only; every later opening is the month before's closing.
A10: Type billings, recognised, closing deferred, closing unbilled and, if known, the ledger balance.
A11: 2. Accounts: one row per account, its closing deferred and unbilled at the as of month.
A12: 3. Journal: the month end lines. Amounts are positive; the debit and credit accounts say which way.
A13: ARR to revenue: the steps from schedule MRR to recognised revenue, one row each, with the kit's figure
A14: on every = row; the Figure column adds the steps and the Difference column must read 0.
... A33: No macros, no links to other files.

Sheet Tie out
A1: Deferred revenue tie out
A3: As of month (yyyy-mm, text) | B3: 2025-10 | C3: typed in; the month every figure below is read at
A5: Journal account for deferred revenue | B5: Deferred revenue | C5: as named in Journal, columns C and D
A6: Journal account for unbilled revenue | B6: Unbilled revenue | C6: as named in Journal, columns C and D
A8: Ending balance (deferred less unbilled) | B8: =IF($B$3="","",IFERROR(IF(INDEX('Roll forward'!$E$2:$E$61,MATCH($B$3,'Roll forward'!$A$2:$A$61,0))="","",INDEX('Roll forward'!$E$2:$E$61,MATCH($B$3,'Roll forward'!$A$2:$A$61,0))),"as of month not in Roll forward")) | C8: Roll forward, Closing, at the as of month
A9: Ending deferred | B9: =IF($B$3="","",IFERROR(IF(INDEX('Roll forward'!$F$2:$F$61,MATCH($B$3,'Roll forward'!$A$2:$A$61,0))="","",INDEX('Roll forward'!$F$2:$F$61,MATCH($B$3,'Roll forward'!$A$2:$A$61,0))),"as of month not in Roll forward"))
A10: Ending unbilled | B10: =IF($B$3="","",IFERROR(IF(INDEX('Roll forward'!$G$2:$G$61,MATCH($B$3,'Roll forward'!$A$2:$A$61,0))="","",INDEX('Roll forward'!$G$2:$G$61,MATCH($B$3,'Roll forward'!$A$2:$A$61,0))),"as of month not in Roll forward"))
A11: Ledger balance | B11: =IF($B$3="","",IFERROR(IF(INDEX('Roll forward'!$I$2:$I$61,MATCH($B$3,'Roll forward'!$A$2:$A$61,0))="","",INDEX('Roll forward'!$I$2:$I$61,MATCH($B$3,'Roll forward'!$A$2:$A$61,0))),"as of month not in Roll forward")) | C11: blank when no ledger balance was given
A12: Difference (ending balance less ledger) | B12: =IF($B$3="","",IFERROR(IF(INDEX('Roll forward'!$J$2:$J$61,MATCH($B$3,'Roll forward'!$A$2:$A$61,0))="","",INDEX('Roll forward'!$J$2:$J$61,MATCH($B$3,'Roll forward'!$A$2:$A$61,0))),"as of month not in Roll forward")) | C12: blank when no ledger balance was given
A14: Checks that should read 0
A15: Accounts: deferred less ending deferred | B15: =IF($B$3="","",IFERROR(ROUND(SUM(Accounts!$C$2:$C$5001)-B9,2),"")) | C15: the accounts sum to the roll forward
A16: Accounts: unbilled less ending unbilled | B16: =IF($B$3="","",IFERROR(ROUND(SUM(Accounts!$D$2:$D$5001)-B10,2),""))
A17: Months where deferred less unbilled is not the closing | B17: =COUNTIFS('Roll forward'!$H$2:$H$61,">0.005")+COUNTIFS('Roll forward'!$H$2:$H$61,"<-0.005") | C17: Roll forward, column H
A18: Months where the journal does not move the balance by the change | B18: =COUNTIFS('Roll forward'!$L$2:$L$61,">0.005")+COUNTIFS('Roll forward'!$L$2:$L$61,"<-0.005") | C18: Roll forward, column L
A20: Totals
A21: Months filled | B21: =COUNTA('Roll forward'!$A$2:$A$61)
A22: Accounts filled | B22: =COUNTA(Accounts!$A$2:$A$5001)
A23: Journal lines filled | B23: =COUNTA(Journal!$A$2:$A$50001)
A24: Journal amount | B24: =SUM(Journal!$E$2:$E$50001)
A26: Filled from | B26: outputs kit 2026-10-26 generated 2026-10-26 10:43:03 UTC | C26: written by fill_template.py; blank when typed by hand
A28: ARR to revenue
A29: Sections whose = row differs from the kit's figure | B29: =COUNTIFS('ARR to revenue'!$J$2:$J$61,">0.005")+COUNTIFS('ARR to revenue'!$J$2:$J$61,"<-0.005") | C29: ARR to revenue, column J; should read 0
A30: Residual rows, total | B30: =SUMIFS('ARR to revenue'!$F$2:$F$61,'ARR to revenue'!$D$2:$D$61,"residual") | C30: a gap the kit's steps did not explain; should read 0

Sheet Roll forward
A1: Month (yyyy-mm, text) | B1: Opening | C1: Billings | D1: Recognised | E1: Closing | F1: Closing deferred | G1: Closing unbilled | H1: Split check (deferred less unbilled less closing) | I1: Ledger balance | J1: Difference (closing less ledger) | K1: Journal movement | L1: Journal tie (movement less change)
A2: 2024-11 | B2: 0 | C2: 95200 | D2: 73200 | E2: =IF($A2="","",ROUND(B2+C2-D2,2)) | F2: 22000 | G2: 0 | H2: =IF($A2="","",ROUND(F2-G2-E2,2)) | I2: 22800 | J2: =IF(OR($A2="",I2=""),"",ROUND(E2-I2,2)) | K2: =IF($A2="","",ROUND(SUMIFS(Journal!$E$2:$E$50001,Journal!$A$2:$A$50001,$A2,Journal!$D$2:$D$50001,'Tie out'!$B$5)-SUMIFS(Journal!$E$2:$E$50001,Journal!$A$2:$A$50001,$A2,Journal!$C$2:$C$50001,'Tie out'!$B$5)+SUMIFS(Journal!$E$2:$E$50001,Journal!$A$2:$A$50001,$A2,Journal!$D$2:$D$50001,'Tie out'!$B$6)-SUMIFS(Journal!$E$2:$E$50001,Journal!$A$2:$A$50001,$A2,Journal!$C$2:$C$50001,'Tie out'!$B$6),2)) | L2: =IF($A2="","",ROUND(K2-(E2-B2),2))
A3: 2024-12 | B3: =IF($A3="","",E2) | C3: 71200 | D3: 73200 | E3: =IF($A3="","",ROUND(B3+C3-D3,2)) | F3: 20000 | G3: 0 | H3: =IF($A3="","",ROUND(F3-G3-E3,2)) | I3: 20800 | J3: =IF(OR($A3="",I3=""),"",ROUND(E3-I3,2)) | K3: =IF($A3="","",ROUND(SUMIFS(Journal!$E$2:$E$50001,Journal!$A$2:$A$50001,$A3,Journal!$D$2:$D$50001,'Tie out'!$B$5)-SUMIFS(Journal!$E$2:$E$50001,Journal!$A$2:$A$50001,$A3,Journal!$C$2:$C$50001,'Tie out'!$B$5)+SUMIFS(Journal!$E$2:$E$50001,Journal!$A$2:$A$50001,$A3,Journal!$D$2:$D$50001,'Tie out'!$B$6)-SUMIFS(Journal!$E$2:$E$50001,Journal!$A$2:$A$50001,$A3,Journal!$C$2:$C$50001,'Tie out'!$B$6),2)) | L3: =IF($A3="","",ROUND(K3-(E3-B3),2))
A4: 2025-01 | B4: =IF($A4="","",E3) | C4: 75200 | D4: 77200 | E4: =IF($A4="","",ROUND(B4+C4-D4,2)) | F4: 18000 | G4: 0 | H4: =IF($A4="","",ROUND(F4-G4-E4,2)) | I4: 18800 | J4: =IF(OR($A4="",I4=""),"",ROUND(E4-I4,2)) | K4: =IF($A4="","",ROUND(SUMIFS(Journal!$E$2:$E$50001,Journal!$A$2:$A$50001,$A4,Journal!$D$2:$D$50001,'Tie out'!$B$5)-SUMIFS(Journal!$E$2:$E$50001,Journal!$A$2:$A$50001,$A4,Journal!$C$2:$C$50001,'Tie out'!$B$5)+SUMIFS(Journal!$E$2:$E$50001,Journal!$A$2:$A$50001,$A4,Journal!$D$2:$D$50001,'Tie out'!$B$6)-SUMIFS(Journal!$E$2:$E$50001,Journal!$A$2:$A$50001,$A4,Journal!$C$2:$C$50001,'Tie out'!$B$6),2)) | L4: =IF($A4="","",ROUND(K4-(E4-B4),2))
A5: 2025-02 | B5: =IF($A5="","",E4) | C5: 76150 | D5: 78150 | E5: =IF($A5="","",ROUND(B5+C5-D5,2)) | F5: 16000 | G5: 0 | H5: =IF($A5="","",ROUND(F5-G5-E5,2)) | I5: 16800 | J5: =IF(OR($A5="",I5=""),"",ROUND(E5-I5,2)) | K5: =IF($A5="","",ROUND(SUMIFS(Journal!$E$2:$E$50001,Journal!$A$2:$A$50001,$A5,Journal!$D$2:$D$50001,'Tie out'!$B$5)-SUMIFS(Journal!$E$2:$E$50001,Journal!$A$2:$A$50001,$A5,Journal!$C$2:$C$50001,'Tie out'!$B$5)+SUMIFS(Journal!$E$2:$E$50001,Journal!$A$2:$A$50001,$A5,Journal!$D$2:$D$50001,'Tie out'!$B$6)-SUMIFS(Journal!$E$2:$E$50001,Journal!$A$2:$A$50001,$A5,Journal!$C$2:$C$50001,'Tie out'!$B$6),2)) | L5: =IF($A5="","",ROUND(K5-(E5-B5),2))
A6: 2025-03 | B6: =IF($A6="","",E5) | C6: 76150 | D6: 78150 | E6: =IF($A6="","",ROUND(B6+C6-D6,2)) | F6: 14000 | G6: 0 | H6: =IF($A6="","",ROUND(F6-G6-E6,2)) | I6: 14800 | J6: =IF(OR($A6="",I6=""),"",ROUND(E6-I6,2)) | K6: =IF($A6="","",ROUND(SUMIFS(Journal!$E$2:$E$50001,Journal!$A$2:$A$50001,$A6,Journal!$D$2:$D$50001,'Tie out'!$B$5)-SUMIFS(Journal!$E$2:$E$50001,Journal!$A$2:$A$50001,$A6,Journal!$C$2:$C$50001,'Tie out'!$B$5)+SUMIFS(Journal!$E$2:$E$50001,Journal!$A$2:$A$50001,$A6,Journal!$D$2:$D$50001,'Tie out'!$B$6)-SUMIFS(Journal!$E$2:$E$50001,Journal!$A$2:$A$50001,$A6,Journal!$C$2:$C$50001,'Tie out'!$B$6),2)) | L6: =IF($A6="","",ROUND(K6-(E6-B6),2))
A7: 2025-04 | B7: =IF($A7="","",E6) | C7: 77850 | D7: 79850 | E7: =IF($A7="","",ROUND(B7+C7-D7,2)) | F7: 12000 | G7: 0 | H7: =IF($A7="","",ROUND(F7-G7-E7,2)) | I7: 12800 | J7: =IF(OR($A7="",I7=""),"",ROUND(E7-I7,2)) | K7: =IF($A7="","",ROUND(SUMIFS(Journal!$E$2:$E$50001,Journal!$A$2:$A$50001,$A7,Journal!$D$2:$D$50001,'Tie out'!$B$5)-SUMIFS(Journal!$E$2:$E$50001,Journal!$A$2:$A$50001,$A7,Journal!$C$2:$C$50001,'Tie out'!$B$5)+SUMIFS(Journal!$E$2:$E$50001,Journal!$A$2:$A$50001,$A7,Journal!$D$2:$D$50001,'Tie out'!$B$6)-SUMIFS(Journal!$E$2:$E$50001,Journal!$A$2:$A$50001,$A7,Journal!$C$2:$C$50001,'Tie out'!$B$6),2)) | L7: =IF($A7="","",ROUND(K7-(E7-B7),2))
A8: 2025-05 | B8: =IF($A8="","",E7) | C8: 76150 | D8: 78150 | E8: =IF($A8="","",ROUND(B8+C8-D8,2)) | F8: 10000 | G8: 0 | H8: =IF($A8="","",ROUND(F8-G8-E8,2)) | I8: 10800 | J8: =IF(OR($A8="",I8=""),"",ROUND(E8-I8,2)) | K8: =IF($A8="","",ROUND(SUMIFS(Journal!$E$2:$E$50001,Journal!$A$2:$A$50001,$A8,Journal!$D$2:$D$50001,'Tie out'!$B$5)-SUMIFS(Journal!$E$2:$E$50001,Journal!$A$2:$A$50001,$A8,Journal!$C$2:$C$50001,'Tie out'!$B$5)+SUMIFS(Journal!$E$2:$E$50001,Journal!$A$2:$A$50001,$A8,Journal!$D$2:$D$50001,'Tie out'!$B$6)-SUMIFS(Journal!$E$2:$E$50001,Journal!$A$2:$A$50001,$A8,Journal!$C$2:$C$50001,'Tie out'!$B$6),2)) | L8: =IF($A8="","",ROUND(K8-(E8-B8),2))
A9: 2025-06 | B9: =IF($A9="","",E8) | C9: 70250 | D9: 75250 | E9: =IF($A9="","",ROUND(B9+C9-D9,2)) | F9: 8000 | G9: 3000 | H9: =IF($A9="","",ROUND(F9-G9-E9,2)) | I9: 5800 | J9: =IF(OR($A9="",I9=""),"",ROUND(E9-I9,2)) | K9: =IF($A9="","",ROUND(SUMIFS(Journal!$E$2:$E$50001,Journal!$A$2:$A$50001,$A9,Journal!$D$2:$D$50001,'Tie out'!$B$5)-SUMIFS(Journal!$E$2:$E$50001,Journal!$A$2:$A$50001,$A9,Journal!$C$2:$C$50001,'Tie out'!$B$5)+SUMIFS(Journal!$E$2:$E$50001,Journal!$A$2:$A$50001,$A9,Journal!$D$2:$D$50001,'Tie out'!$B$6)-SUMIFS(Journal!$E$2:$E$50001,Journal!$A$2:$A$50001,$A9,Journal!$C$2:$C$50001,'Tie out'!$B$6),2)) | L9: =IF($A9="","",ROUND(K9-(E9-B9),2))
A10: 2025-07 | B10: =IF($A10="","",E9) | C10: 73150 | D10: 72150 | E10: =IF($A10="","",ROUND(B10+C10-D10,2)) | F10: 6000 | G10: 0 | H10: =IF($A10="","",ROUND(F10-G10-E10,2)) | I10: 6800 | J10: =IF(OR($A10="",I10=""),"",ROUND(E10-I10,2)) | K10: =IF($A10="","",ROUND(SUMIFS(Journal!$E$2:$E$50001,Journal!$A$2:$A$50001,$A10,Journal!$D$2:$D$50001,'Tie out'!$B$5)-SUMIFS(Journal!$E$2:$E$50001,Journal!$A$2:$A$50001,$A10,Journal!$C$2:$C$50001,'Tie out'!$B$5)+SUMIFS(Journal!$E$2:$E$50001,Journal!$A$2:$A$50001,$A10,Journal!$D$2:$D$50001,'Tie out'!$B$6)-SUMIFS(Journal!$E$2:$E$50001,Journal!$A$2:$A$50001,$A10,Journal!$C$2:$C$50001,'Tie out'!$B$6),2)) | L10: =IF($A10="","",ROUND(K10-(E10-B10),2))
A11: 2025-08 | B11: =IF($A11="","",E10) | C11: 70150 | D11: 72150 | E11: =IF($A11="","",ROUND(B11+C11-D11,2)) | F11: 4000 | G11: 0 | H11: =IF($A11="","",ROUND(F11-G11-E11,2)) | I11: 4800 | J11: =IF(OR($A11="",I11=""),"",ROUND(E11-I11,2)) | K11: =IF($A11="","",ROUND(SUMIFS(Journal!$E$2:$E$50001,Journal!$A$2:$A$50001,$A11,Journal!$D$2:$D$50001,'Tie out'!$B$5)-SUMIFS(Journal!$E$2:$E$50001,Journal!$A$2:$A$50001,$A11,Journal!$C$2:$C$50001,'Tie out'!$B$5)+SUMIFS(Journal!$E$2:$E$50001,Journal!$A$2:$A$50001,$A11,Journal!$D$2:$D$50001,'Tie out'!$B$6)-SUMIFS(Journal!$E$2:$E$50001,Journal!$A$2:$A$50001,$A11,Journal!$C$2:$C$50001,'Tie out'!$B$6),2)) | L11: =IF($A11="","",ROUND(K11-(E11-B11),2))
A12: 2025-09 | B12: =IF($A12="","",E11) | C12: 70150 | D12: 72150 | E12: =IF($A12="","",ROUND(B12+C12-D12,2)) | F12: 2000 | G12: 0 | H12: =IF($A12="","",ROUND(F12-G12-E12,2)) | I12: 2800 | J12: =IF(OR($A12="",I12=""),"",ROUND(E12-I12,2)) | K12: =IF($A12="","",ROUND(SUMIFS(Journal!$E$2:$E$50001,Journal!$A$2:$A$50001,$A12,Journal!$D$2:$D$50001,'Tie out'!$B$5)-SUMIFS(Journal!$E$2:$E$50001,Journal!$A$2:$A$50001,$A12,Journal!$C$2:$C$50001,'Tie out'!$B$5)+SUMIFS(Journal!$E$2:$E$50001,Journal!$A$2:$A$50001,$A12,Journal!$D$2:$D$50001,'Tie out'!$B$6)-SUMIFS(Journal!$E$2:$E$50001,Journal!$A$2:$A$50001,$A12,Journal!$C$2:$C$50001,'Tie out'!$B$6),2)) | L12: =IF($A12="","",ROUND(K12-(E12-B12),2))
A13: 2025-10 | B13: =IF($A13="","",E12) | C13: 70150 | D13: 72150 | E13: =IF($A13="","",ROUND(B13+C13-D13,2)) | F13: 0 | G13: 0 | H13: =IF($A13="","",ROUND(F13-G13-E13,2)) | I13: 800 | J13: =IF(OR($A13="",I13=""),"",ROUND(E13-I13,2)) | K13: =IF($A13="","",ROUND(SUMIFS(Journal!$E$2:$E$50001,Journal!$A$2:$A$50001,$A13,Journal!$D$2:$D$50001,'Tie out'!$B$5)-SUMIFS(Journal!$E$2:$E$50001,Journal!$A$2:$A$50001,$A13,Journal!$C$2:$C$50001,'Tie out'!$B$5)+SUMIFS(Journal!$E$2:$E$50001,Journal!$A$2:$A$50001,$A13,Journal!$D$2:$D$50001,'Tie out'!$B$6)-SUMIFS(Journal!$E$2:$E$50001,Journal!$A$2:$A$50001,$A13,Journal!$C$2:$C$50001,'Tie out'!$B$6),2)) | L13: =IF($A13="","",ROUND(K13-(E13-B13),2))
B14: =IF($A14="","",E13) | E14: =IF($A14="","",ROUND(B14+C14-D14,2)) | H14: =IF($A14="","",ROUND(F14-G14-E14,2)) | J14: =IF(OR($A14="",I14=""),"",ROUND(E14-I14,2)) | K14: =IF($A14="","",ROUND(SUMIFS(Journal!$E$2:$E$50001,Journal!$A$2:$A$50001,$A14,Journal!$D$2:$D$50001,'Tie out'!$B$5)-SUMIFS(Journal!$E$2:$E$50001,Journal!$A$2:$A$50001,$A14,Journal!$C$2:$C$50001,'Tie out'!$B$5)+SUMIFS(Journal!$E$2:$E$50001,Journal!$A$2:$A$50001,$A14,Journal!$D$2:$D$50001,'Tie out'!$B$6)-SUMIFS(Journal!$E$2:$E$50001,Journal!$A$2:$A$50001,$A14,Journal!$C$2:$C$50001,'Tie out'!$B$6),2)) | L14: =IF($A14="","",ROUND(K14-(E14-B14),2))
B15: =IF($A15="","",E14) | E15: =IF($A15="","",ROUND(B15+C15-D15,2)) | H15: =IF($A15="","",ROUND(F15-G15-E15,2)) | J15: =IF(OR($A15="",I15=""),"",ROUND(E15-I15,2)) | K15: =IF($A15="","",ROUND(SUMIFS(Journal!$E$2:$E$50001,Journal!$A$2:$A$50001,$A15,Journal!$D$2:$D$50001,'Tie out'!$B$5)-SUMIFS(Journal!$E$2:$E$50001,Journal!$A$2:$A$50001,$A15,Journal!$C$2:$C$50001,'Tie out'!$B$5)+SUMIFS(Journal!$E$2:$E$50001,Journal!$A$2:$A$50001,$A15,Journal!$D$2:$D$50001,'Tie out'!$B$6)-SUMIFS(Journal!$E$2:$E$50001,Journal!$A$2:$A$50001,$A15,Journal!$C$2:$C$50001,'Tie out'!$B$6),2)) | L15: =IF($A15="","",ROUND(K15-(E15-B15),2))
B16: =IF($A16="","",E15) | E16: =IF($A16="","",ROUND(B16+C16-D16,2)) | H16: =IF($A16="","",ROUND(F16-G16-E16,2)) | J16: =IF(OR($A16="",I16=""),"",ROUND(E16-I16,2)) | K16: =IF($A16="","",ROUND(SUMIFS(Journal!$E$2:$E$50001,Journal!$A$2:$A$50001,$A16,Journal!$D$2:$D$50001,'Tie out'!$B$5)-SUMIFS(Journal!$E$2:$E$50001,Journal!$A$2:$A$50001,$A16,Journal!$C$2:$C$50001,'Tie out'!$B$5)+SUMIFS(Journal!$E$2:$E$50001,Journal!$A$2:$A$50001,$A16,Journal!$D$2:$D$50001,'Tie out'!$B$6)-SUMIFS(Journal!$E$2:$E$50001,Journal!$A$2:$A$50001,$A16,Journal!$C$2:$C$50001,'Tie out'!$B$6),2)) | L16: =IF($A16="","",ROUND(K16-(E16-B16),2))
B17: =IF($A17="","",E16) | E17: =IF($A17="","",ROUND(B17+C17-D17,2)) | H17: =IF($A17="","",ROUND(F17-G17-E17,2)) | J17: =IF(OR($A17="",I17=""),"",ROUND(E17-I17,2)) | K17: =IF($A17="","",ROUND(SUMIFS(Journal!$E$2:$E$50001,Journal!$A$2:$A$50001,$A17,Journal!$D$2:$D$50001,'Tie out'!$B$5)-SUMIFS(Journal!$E$2:$E$50001,Journal!$A$2:$A$50001,$A17,Journal!$C$2:$C$50001,'Tie out'!$B$5)+SUMIFS(Journal!$E$2:$E$50001,Journal!$A$2:$A$50001,$A17,Journal!$D$2:$D$50001,'Tie out'!$B$6)-SUMIFS(Journal!$E$2:$E$50001,Journal!$A$2:$A$50001,$A17,Journal!$C$2:$C$50001,'Tie out'!$B$6),2)) | L17: =IF($A17="","",ROUND(K17-(E17-B17),2))
B18: =IF($A18="","",E17) | E18: =IF($A18="","",ROUND(B18+C18-D18,2)) | H18: =IF($A18="","",ROUND(F18-G18-E18,2)) | J18: =IF(OR($A18="",I18=""),"",ROUND(E18-I18,2)) | K18: =IF($A18="","",ROUND(SUMIFS(Journal!$E$2:$E$50001,Journal!$A$2:$A$50001,$A18,Journal!$D$2:$D$50001,'Tie out'!$B$5)-SUMIFS(Journal!$E$2:$E$50001,Journal!$A$2:$A$50001,$A18,Journal!$C$2:$C$50001,'Tie out'!$B$5)+SUMIFS(Journal!$E$2:$E$50001,Journal!$A$2:$A$50001,$A18,Journal!$D$2:$D$50001,'Tie out'!$B$6)-SUMIFS(Journal!$E$2:$E$50001,Journal!$A$2:$A$50001,$A18,Journal!$C$2:$C$50001,'Tie out'!$B$6),2)) | L18: =IF($A18="","",ROUND(K18-(E18-B18),2))
B19: =IF($A19="","",E18) | E19: =IF($A19="","",ROUND(B19+C19-D19,2)) | H19: =IF($A19="","",ROUND(F19-G19-E19,2)) | J19: =IF(OR($A19="",I19=""),"",ROUND(E19-I19,2)) | K19: =IF($A19="","",ROUND(SUMIFS(Journal!$E$2:$E$50001,Journal!$A$2:$A$50001,$A19,Journal!$D$2:$D$50001,'Tie out'!$B$5)-SUMIFS(Journal!$E$2:$E$50001,Journal!$A$2:$A$50001,$A19,Journal!$C$2:$C$50001,'Tie out'!$B$5)+SUMIFS(Journal!$E$2:$E$50001,Journal!$A$2:$A$50001,$A19,Journal!$D$2:$D$50001,'Tie out'!$B$6)-SUMIFS(Journal!$E$2:$E$50001,Journal!$A$2:$A$50001,$A19,Journal!$C$2:$C$50001,'Tie out'!$B$6),2)) | L19: =IF($A19="","",ROUND(K19-(E19-B19),2))
B20: =IF($A20="","",E19) | E20: =IF($A20="","",ROUND(B20+C20-D20,2)) | H20: =IF($A20="","",ROUND(F20-G20-E20,2)) | J20: =IF(OR($A20="",I20=""),"",ROUND(E20-I20,2)) | K20: =IF($A20="","",ROUND(SUMIFS(Journal!$E$2:$E$50001,Journal!$A$2:$A$50001,$A20,Journal!$D$2:$D$50001,'Tie out'!$B$5)-SUMIFS(Journal!$E$2:$E$50001,Journal!$A$2:$A$50001,$A20,Journal!$C$2:$C$50001,'Tie out'!$B$5)+SUMIFS(Journal!$E$2:$E$50001,Journal!$A$2:$A$50001,$A20,Journal!$D$2:$D$50001,'Tie out'!$B$6)-SUMIFS(Journal!$E$2:$E$50001,Journal!$A$2:$A$50001,$A20,Journal!$C$2:$C$50001,'Tie out'!$B$6),2)) | L20: =IF($A20="","",ROUND(K20-(E20-B20),2))
B21: =IF($A21="","",E20) | E21: =IF($A21="","",ROUND(B21+C21-D21,2)) | H21: =IF($A21="","",ROUND(F21-G21-E21,2)) | J21: =IF(OR($A21="",I21=""),"",ROUND(E21-I21,2)) | K21: =IF($A21="","",ROUND(SUMIFS(Journal!$E$2:$E$50001,Journal!$A$2:$A$50001,$A21,Journal!$D$2:$D$50001,'Tie out'!$B$5)-SUMIFS(Journal!$E$2:$E$50001,Journal!$A$2:$A$50001,$A21,Journal!$C$2:$C$50001,'Tie out'!$B$5)+SUMIFS(Journal!$E$2:$E$50001,Journal!$A$2:$A$50001,$A21,Journal!$D$2:$D$50001,'Tie out'!$B$6)-SUMIFS(Journal!$E$2:$E$50001,Journal!$A$2:$A$50001,$A21,Journal!$C$2:$C$50001,'Tie out'!$B$6),2)) | L21: =IF($A21="","",ROUND(K21-(E21-B21),2))
B22: =IF($A22="","",E21) | E22: =IF($A22="","",ROUND(B22+C22-D22,2)) | H22: =IF($A22="","",ROUND(F22-G22-E22,2)) | J22: =IF(OR($A22="",I22=""),"",ROUND(E22-I22,2)) | K22: =IF($A22="","",ROUND(SUMIFS(Journal!$E$2:$E$50001,Journal!$A$2:$A$50001,$A22,Journal!$D$2:$D$50001,'Tie out'!$B$5)-SUMIFS(Journal!$E$2:$E$50001,Journal!$A$2:$A$50001,$A22,Journal!$C$2:$C$50001,'Tie out'!$B$5)+SUMIFS(Journal!$E$2:$E$50001,Journal!$A$2:$A$50001,$A22,Journal!$D$2:$D$50001,'Tie out'!$B$6)-SUMIFS(Journal!$E$2:$E$50001,Journal!$A$2:$A$50001,$A22,Journal!$C$2:$C$50001,'Tie out'!$B$6),2)) | L22: =IF($A22="","",ROUND(K22-(E22-B22),2))
B23: =IF($A23="","",E22) | E23: =IF($A23="","",ROUND(B23+C23-D23,2)) | H23: =IF($A23="","",ROUND(F23-G23-E23,2)) | J23: =IF(OR($A23="",I23=""),"",ROUND(E23-I23,2)) | K23: =IF($A23="","",ROUND(SUMIFS(Journal!$E$2:$E$50001,Journal!$A$2:$A$50001,$A23,Journal!$D$2:$D$50001,'Tie out'!$B$5)-SUMIFS(Journal!$E$2:$E$50001,Journal!$A$2:$A$50001,$A23,Journal!$C$2:$C$50001,'Tie out'!$B$5)+SUMIFS(Journal!$E$2:$E$50001,Journal!$A$2:$A$50001,$A23,Journal!$D$2:$D$50001,'Tie out'!$B$6)-SUMIFS(Journal!$E$2:$E$50001,Journal!$A$2:$A$50001,$A23,Journal!$C$2:$C$50001,'Tie out'!$B$6),2)) | L23: =IF($A23="","",ROUND(K23-(E23-B23),2))
B24: =IF($A24="","",E23) | E24: =IF($A24="","",ROUND(B24+C24-D24,2)) | H24: =IF($A24="","",ROUND(F24-G24-E24,2)) | J24: =IF(OR($A24="",I24=""),"",ROUND(E24-I24,2)) | K24: =IF($A24="","",ROUND(SUMIFS(Journal!$E$2:$E$50001,Journal!$A$2:$A$50001,$A24,Journal!$D$2:$D$50001,'Tie out'!$B$5)-SUMIFS(Journal!$E$2:$E$50001,Journal!$A$2:$A$50001,$A24,Journal!$C$2:$C$50001,'Tie out'!$B$5)+SUMIFS(Journal!$E$2:$E$50001,Journal!$A$2:$A$50001,$A24,Journal!$D$2:$D$50001,'Tie out'!$B$6)-SUMIFS(Journal!$E$2:$E$50001,Journal!$A$2:$A$50001,$A24,Journal!$C$2:$C$50001,'Tie out'!$B$6),2)) | L24: =IF($A24="","",ROUND(K24-(E24-B24),2))
B25: =IF($A25="","",E24) | E25: =IF($A25="","",ROUND(B25+C25-D25,2)) | H25: =IF($A25="","",ROUND(F25-G25-E25,2)) | J25: =IF(OR($A25="",I25=""),"",ROUND(E25-I25,2)) | K25: =IF($A25="","",ROUND(SUMIFS(Journal!$E$2:$E$50001,Journal!$A$2:$A$50001,$A25,Journal!$D$2:$D$50001,'Tie out'!$B$5)-SUMIFS(Journal!$E$2:$E$50001,Journal!$A$2:$A$50001,$A25,Journal!$C$2:$C$50001,'Tie out'!$B$5)+SUMIFS(Journal!$E$2:$E$50001,Journal!$A$2:$A$50001,$A25,Journal!$D$2:$D$50001,'Tie out'!$B$6)-SUMIFS(Journal!$E$2:$E$50001,Journal!$A$2:$A$50001,$A25,Journal!$C$2:$C$50001,'Tie out'!$B$6),2)) | L25: =IF($A25="","",ROUND(K25-(E25-B25),2))
... B61: =IF($A61="","",E60) | E61: =IF($A61="","",ROUND(B61+C61-D61,2)) | H61: =IF($A61="","",ROUND(F61-G61-E61,2)) | J61: =IF(OR($A61="",I61=""),"",ROUND(E61-I61,2)) | K61: =IF($A61="","",ROUND(SUMIFS(Journal!$E$2:$E$50001,Journal!$A$2:$A$50001,$A61,Journal!$D$2:$D$50001,'Tie out'!$B$5)-SUMIFS(Journal!$E$2:$E$50001,Journal!$A$2:$A$50001,$A61,Journal!$C$2:$C$50001,'Tie out'!$B$5)+SUMIFS(Journal!$E$2:$E$50001,Journal!$A$2:$A$50001,$A61,Journal!$D$2:$D$50001,'Tie out'!$B$6)-SUMIFS(Journal!$E$2:$E$50001,Journal!$A$2:$A$50001,$A61,Journal!$C$2:$C$50001,'Tie out'!$B$6),2)) | L61: =IF($A61="","",ROUND(K61-(E61-B61),2))

Sheet Accounts
A1: Account key | B1: Customer name | C1: Closing deferred | D1: Closing unbilled | E1: Months of deferred cover
A2: F-001 | B2: Blue Harbor Analytics | C2: 0 | D2: 0
A3: F-002 | B3: Granite Peak Software | C3: 0 | D3: 0
A4: F-003 | B4: Cedar Loop Systems | C4: 0 | D4: 0
A5: F-004 | B5: Northwind Dynamics | C5: 0 | D5: 0
A6: F-005 | B6: Juniper Ridge Labs | C6: 0 | D6: 0
A7: F-008 | B7: Maple Street Health | C7: 0 | D7: 0
A8: F-009 | B8: Lantern Field Co | C8: 0 | D8: 0
A9: F-010 | B9: Copperline Freight | C9: 0 | D9: 0
A10: F-011 | B10: Harbor Light Media | C10: 0 | D10: 0
A11: F-012 | B11: Quiet Creek Software | C11: 0 | D11: 0
A12: F-013 | B12: Fictional Co 13 | C12: 0 | D12: 0
A13: F-014 | B13: Fictional Co 14 | C13: 0 | D13: 0
... A43: NAME:acme | B43: ACME Corporation | C43: 0 | D43: 0

Sheet Journal
A1: Month (yyyy-mm, text) | B1: Customer name | C1: Debit account | D1: Credit account | E1: Amount | F1: Memo
A2: 2024-11 | B2: Copperline Freight | C2: Subscription revenue | D2: Deferred revenue | E2: 22000 | F2: invoices INV-1484
A3: 2024-12 | B3: Copperline Freight | C3: Deferred revenue | D3: Subscription revenue | E3: 2000 | F3: invoices INV-1484
A4: 2025-01 | B4: Copperline Freight | C4: Deferred revenue | D4: Subscription revenue | E4: 2000 | F4: invoices INV-1484
A5: 2025-02 | B5: Copperline Freight | C5: Deferred revenue | D5: Subscription revenue | E5: 2000 | F5: invoices INV-1484
A6: 2025-03 | B6: Copperline Freight | C6: Deferred revenue | D6: Subscription revenue | E6: 2000 | F6: invoices INV-1484
A7: 2025-04 | B7: Copperline Freight | C7: Deferred revenue | D7: Subscription revenue | E7: 2000 | F7: invoices INV-1484
A8: 2025-05 | B8: Copperline Freight | C8: Deferred revenue | D8: Subscription revenue | E8: 2000 | F8: invoices INV-1484
A9: 2025-06 | B9: Cedar Loop Systems | C9: Unbilled revenue | D9: Subscription revenue | E9: 3000 | F9: invoices INV-1405, INV-1406
A10: 2025-06 | B10: Copperline Freight | C10: Deferred revenue | D10: Subscription revenue | E10: 2000 | F10: invoices INV-1484
A11: 2025-07 | B11: Cedar Loop Systems | C11: Subscription revenue | D11: Unbilled revenue | E11: 3000 | F11: invoices INV-1408
A12: 2025-07 | B12: Copperline Freight | C12: Deferred revenue | D12: Subscription revenue | E12: 2000 | F12: invoices INV-1484
A13: 2025-08 | B13: Copperline Freight | C13: Deferred revenue | D13: Subscription revenue | E13: 2000 | F13: invoices INV-1484
... A15: 2025-10 | B15: Copperline Freight | C15: Deferred revenue | D15: Subscription revenue | E15: 2000 | F15: invoices INV-1484

Sheet ARR to revenue
A1: Order | B1: Section | C1: Step | D1: Bucket | E1: Kind (open, step, total, memo) | F1: Amount (typed) | G1: Figure | H1: Running | I1: Kit figure (total rows) | J1: Difference (figure less kit) | K1: Accounts
A2: 1 | B2: schedule_to_supported | C2: recurring revenue on the schedule | E2: open | F2: 72400 | G2: =IF($E2="","",IF($E2="total",0,F2)) | H2: =IF($E2="","",IF($E2="open",F2,IF($E2="step",0+F2,IF($E2="total",IF(I2="",G2,I2),0)))) | J2: =IF($E2="total",IF(I2="","",ROUND(G2-I2,2)),"")
A3: 2 | B3: schedule_to_supported | C3: less: unmatched_schedule_only | D3: unmatched_schedule_only | E3: step | F3: -2100 | G3: =IF($E3="","",IF($E3="total",H2,F3)) | H3: =IF($E3="","",IF($E3="open",F3,IF($E3="step",H2+F3,IF($E3="total",IF(I3="",G3,I3),H2)))) | J3: =IF($E3="total",IF(I3="","",ROUND(G3-I3,2)),"") | K3: Silent Partner Inc (F-007)
A4: 3 | B4: schedule_to_supported | C4: less: over_stated | D4: over_stated | E4: step | F4: -800 | G4: =IF($E4="","",IF($E4="total",H3,F4)) | H4: =IF($E4="","",IF($E4="open",F4,IF($E4="step",H3+F4,IF($E4="total",IF(I4="",G4,I4),H3)))) | J4: =IF($E4="total",IF(I4="","",ROUND(G4-I4,2)),"") | K4: Granite Peak Software (F-002)
A5: 4 | B5: schedule_to_supported | C5: = supported by invoices | E5: total | G5: =IF($E5="","",IF($E5="total",H4,F5)) | H5: =IF($E5="","",IF($E5="open",F5,IF($E5="step",H4+F5,IF($E5="total",IF(I5="",G5,I5),H4)))) | I5: 69500 | J5: =IF($E5="total",IF(I5="","",ROUND(G5-I5,2)),"")
A6: 5 | B6: supported_to_invoiced | C6: plus: under_stated, schedule shows nothing | D6: under_stated | E6: step | F6: 1400 | G6: =IF($E6="","",IF($E6="total",H5,F6)) | H6: =IF($E6="","",IF($E6="open",F6,IF($E6="step",H5+F6,IF($E6="total",IF(I6="",G6,I6),H5)))) | J6: =IF($E6="total",IF(I6="","",ROUND(G6-I6,2)),"") | K6: Lantern Field Co (F-009)
A7: 6 | B7: supported_to_invoiced | C7: plus: unmatched_invoice_only | D7: unmatched_invoice_only | E7: step | F7: 950 | G7: =IF($E7="","",IF($E7="total",H6,F7)) | H7: =IF($E7="","",IF($E7="open",F7,IF($E7="step",H6+F7,IF($E7="total",IF(I7="",G7,I7),H6)))) | J7: =IF($E7="total",IF(I7="","",ROUND(G7-I7,2)),"") | K7: Orphan Billing LLC (INV-ONLY-1)
A8: 7 | B8: supported_to_invoiced | C8: plus: under_stated, billed above the schedule | D8: under_stated | E8: step | F8: 300 | G8: =IF($E8="","",IF($E8="total",H7,F8)) | H8: =IF($E8="","",IF($E8="open",F8,IF($E8="step",H7+F8,IF($E8="total",IF(I8="",G8,I8),H7)))) | J8: =IF($E8="total",IF(I8="","",ROUND(G8-I8,2)),"") | K8: Quiet Creek Software (F-012)
A9: 8 | B9: supported_to_invoiced | C9: = invoiced recurring, spread over service periods | E9: total | G9: =IF($E9="","",IF($E9="total",H8,F9)) | H9: =IF($E9="","",IF($E9="open",F9,IF($E9="step",H8+F9,IF($E9="total",IF(I9="",G9,I9),H8)))) | I9: 72150 | J9: =IF($E9="total",IF(I9="","",ROUND(G9-I9,2)),"")
A10: 9 | B10: invoiced_to_recognised | C10: = recognised revenue, deferred_rollforward.csv | E10: total | G10: =IF($E10="","",IF($E10="total",H9,F10)) | H10: =IF($E10="","",IF($E10="open",F10,IF($E10="step",H9+F10,IF($E10="total",IF(I10="",G10,I10),H9)))) | I10: 72150 | J10: =IF($E10="total",IF(I10="","",ROUND(G10-I10,2)),"")
A11: 10 | B11: billings_to_recognised | C11: billed in the month, recurring and credit lines | E11: open | F11: 70150 | G11: =IF($E11="","",IF($E11="total",H10,F11)) | H11: =IF($E11="","",IF($E11="open",F11,IF($E11="step",H10+F11,IF($E11="total",IF(I11="",G11,I11),H10)))) | J11: =IF($E11="total",IF(I11="","",ROUND(G11-I11,2)),"")
A12: 11 | B12: billings_to_recognised | C12: plus: released from the net deferred balance (2,000.00 to 0.00) | D12: service_period_spreading | E12: step | F12: 2000 | G12: =IF($E12="","",IF($E12="total",H11,F12)) | H12: =IF($E12="","",IF($E12="open",F12,IF($E12="step",H11+F12,IF($E12="total",IF(I12="",G12,I12),H11)))) | J12: =IF($E12="total",IF(I12="","",ROUND(G12-I12,2)),"")
A13: 12 | B13: billings_to_recognised | C13: = recognised revenue, deferred_rollforward.csv | E13: total | G13: =IF($E13="","",IF($E13="total",H12,F13)) | H13: =IF($E13="","",IF($E13="open",F13,IF($E13="step",H12+F13,IF($E13="total",IF(I13="",G13,I13),H12)))) | I13: 72150 | J13: =IF($E13="total",IF(I13="","",ROUND(G13-I13,2)),"")
A14: 13 | B14: memo | C14: one off lines in the month, outside ARR and outside the roll forward | D14: non_recurring | E14: memo | F14: 0 | G14: =IF($E14="","",IF($E14="total",H13,F14)) | H14: =IF($E14="","",IF($E14="open",F14,IF($E14="step",H13+F14,IF($E14="total",IF(I14="",G14,I14),H13)))) | J14: =IF($E14="total",IF(I14="","",ROUND(G14-I14,2)),"")
G15: =IF($E15="","",IF($E15="total",H14,F15)) | H15: =IF($E15="","",IF($E15="open",F15,IF($E15="step",H14+F15,IF($E15="total",IF(I15="",G15,I15),H14)))) | J15: =IF($E15="total",IF(I15="","",ROUND(G15-I15,2)),"")
G16: =IF($E16="","",IF($E16="total",H15,F16)) | H16: =IF($E16="","",IF($E16="open",F16,IF($E16="step",H15+F16,IF($E16="total",IF(I16="",G16,I16),H15)))) | J16: =IF($E16="total",IF(I16="","",ROUND(G16-I16,2)),"")
G17: =IF($E17="","",IF($E17="total",H16,F17)) | H17: =IF($E17="","",IF($E17="open",F17,IF($E17="step",H16+F17,IF($E17="total",IF(I17="",G17,I17),H16)))) | J17: =IF($E17="total",IF(I17="","",ROUND(G17-I17,2)),"")
G18: =IF($E18="","",IF($E18="total",H17,F18)) | H18: =IF($E18="","",IF($E18="open",F18,IF($E18="step",H17+F18,IF($E18="total",IF(I18="",G18,I18),H17)))) | J18: =IF($E18="total",IF(I18="","",ROUND(G18-I18,2)),"")
G19: =IF($E19="","",IF($E19="total",H18,F19)) | H19: =IF($E19="","",IF($E19="open",F19,IF($E19="step",H18+F19,IF($E19="total",IF(I19="",G19,I19),H18)))) | J19: =IF($E19="total",IF(I19="","",ROUND(G19-I19,2)),"")
G20: =IF($E20="","",IF($E20="total",H19,F20)) | H20: =IF($E20="","",IF($E20="open",F20,IF($E20="step",H19+F20,IF($E20="total",IF(I20="",G20,I20),H19)))) | J20: =IF($E20="total",IF(I20="","",ROUND(G20-I20,2)),"")
G21: =IF($E21="","",IF($E21="total",H20,F21)) | H21: =IF($E21="","",IF($E21="open",F21,IF($E21="step",H20+F21,IF($E21="total",IF(I21="",G21,I21),H20)))) | J21: =IF($E21="total",IF(I21="","",ROUND(G21-I21,2)),"")
G22: =IF($E22="","",IF($E22="total",H21,F22)) | H22: =IF($E22="","",IF($E22="open",F22,IF($E22="step",H21+F22,IF($E22="total",IF(I22="",G22,I22),H21)))) | J22: =IF($E22="total",IF(I22="","",ROUND(G22-I22,2)),"")
G23: =IF($E23="","",IF($E23="total",H22,F23)) | H23: =IF($E23="","",IF($E23="open",F23,IF($E23="step",H22+F23,IF($E23="total",IF(I23="",G23,I23),H22)))) | J23: =IF($E23="total",IF(I23="","",ROUND(G23-I23,2)),"")
G24: =IF($E24="","",IF($E24="total",H23,F24)) | H24: =IF($E24="","",IF($E24="open",F24,IF($E24="step",H23+F24,IF($E24="total",IF(I24="",G24,I24),H23)))) | J24: =IF($E24="total",IF(I24="","",ROUND(G24-I24,2)),"")
G25: =IF($E25="","",IF($E25="total",H24,F25)) | H25: =IF($E25="","",IF($E25="open",F25,IF($E25="step",H24+F25,IF($E25="total",IF(I25="",G25,I25),H24)))) | J25: =IF($E25="total",IF(I25="","",ROUND(G25-I25,2)),"")
G26: =IF($E26="","",IF($E26="total",H25,F26)) | H26: =IF($E26="","",IF($E26="open",F26,IF($E26="step",H25+F26,IF($E26="total",IF(I26="",G26,I26),H25)))) | J26: =IF($E26="total",IF(I26="","",ROUND(G26-I26,2)),"")
... G61: =IF($E61="","",IF($E61="total",H60,F61)) | H61: =IF($E61="","",IF($E61="open",F61,IF($E61="step",H60+F61,IF($E61="total",IF(I61="",G61,I61),H60)))) | J61: =IF($E61="total",IF(I61="","",ROUND(G61-I61,2)),"")
